bucket_entries-1000000_lookups,elapsed_time
10,6.759189288
100,6.736309601
1000,8.288120858
10000,6.434178578
100000,9.049612756
