inserts,elapsed_time
10,0.130366465
100,0.137497765
1000,0.136810838
10000,0.105673066
100000,0.163230964
