lookups,elapsed_time
1,0.52161182
2,0.558743476
4,0.565307885
8,0.581929636
16,0.600039392
32,0.585802956
64,0.523972984
128,0.531162419
256,0.518418224
500,0.562563558
1000,0.523987567
5000,0.519901069
20000,0.613432671
100000,0.582500088
1000000,1.15963321
10000000,8.954971945
20000000,17.496592423
50000000,42.473816109
80000000,67.734412544
100000000,86.374435897
