max_kicks,elapsed_time
1,5.71138695
2,6.520007134
5,8.917433021
10,12.604718974
20,19.65873883
40,33.23232549
100,74.998858865
