max_kicks-50000000_lookups,elapsed_time
1,3.589038798
2,4.090783303
5,6.475310388
10,10.45290228
20,18.22295783
40,34.448147413
