bucket_entry,elapsed_time
1,10.656222538
2,9.592785978
4,9.219399616
8,9.485181257
16,9.978180797
32,11.467138681
64,14.458625159
128,21.740477934
256,44.925457512
500,81.384148248
