bucket_entries-50000000_lookups,elapsed_time
1,4.431168082
4,6.514566252
10,10.246448649
50,27.006856217
100,23.478819964
200,36.325859325
400,57.178198445
