bucket_entries,elapsed_time
1,0.126991599
4,0.109153102
10,0.101367736
50,0.096086864
100,0.101750342
200,0.093616385
400,0.106609007
