bucket_entries-10000000_lookups,elapsed_time
10,5.553278907
100,6.87847452
1000,8.33150163
10000,6.355196315
100000,8.095305368
