inserts,elapsed_time
10,3.082001767
100,3.046068386
1000,3.425705741
10000,3.727869028
100000,4.810387569
1000000,8.961828255
10000000,16.47444873
