lookups,elapsed_time
1,0.021766522
2,0.022423762
4,0.028007068
8,0.02827206
16,0.041557787
32,0.027876484
64,0.022417972
128,0.022908563
256,0.022686899
500,0.022820168
1000,0.022714316
5000,0.028473811
20000,0.040995207
100000,0.105898628
1000000,0.813682901
10000000,6.958727387
