max_kicks,elapsed_time
1,0.112759976
2,0.099634061
5,0.107074645
10,0.103787913
20,0.117853985
40,0.122100515
